344288;г. Ковров  ул. Чехова  1
614164;г. Ковров   ул. Степная  30
394242;г. Ковров  ул. Коммунистическая  43
660540;г. Ковров  ул. Солнечная  25
125837;г. Ковров  ул. Шоссейная  40
125703;г. Ковров  ул. Партизанская  49
625283;г. Ковров  ул. Победы  46
614611;г. Ковров  ул. Молодежная  50
454311;г. Ковров  ул. Новая  19
660007;г. Ковров  ул. Октябрьская  19
603036;г. Ковров  ул. Садовая  4
450983;г. Ковров  ул. Комсомольская  26
394782;г. Ковров  ул. Чехова  3
603002;г. Ковров  ул. Дзержинского  28
450558;г. Ковров  ул. Набережная  30
394060;г. Ковров  ул. Фрунзе  43
410661;г. Ковров  ул. Школьная  50
625590;г. Ковров  ул. Коммунистическая  20
625683;г. Ковров  ул. 8 Марта
400562;г. Ковров  ул. Зеленая  32
614510;г. Ковров  ул. Маяковского  47
410542;г. Ковров  ул. Светлая  46
620839;г. Ковров  ул. Цветочная  8
443890;г. Ковров  ул. Коммунистическая  1
603379;г. Ковров  ул. Спортивная  46
603721;г. Ковров  ул. Гоголя  41
410172;г. Ковров  ул. Северная  13
420151;г. Ковров  ул. Вишневая  32
125061;г. Ковров  ул. Подгорная  8
630370;г. Ковров  ул. Шоссейная  24
614753;г. Ковров  ул. Полевая  35
426030;г. Ковров  ул. Маяковского  44
450375;г. Ковров ул. Клубная  44
625560;г. Ковров  ул. Некрасова  12
630201;г. Ковров  ул. Комсомольская  17
190949;г. Ковров  ул. Мичурина  26
